{"cameraMode":{"drawMode":0,"name":"Shaded","section":"Shading Mode"},"sceneLighting":true,"audioPlay":false,"sceneViewState":{"showFog":false,"showMaterialUpdate":false,"showSkybox":false,"showFlares":false,"showImageEffects":false,"showParticleSystems":false},"in2DMode":false,"pivot":{"x":-4.517971515655518,"y":1.0999966859817505,"z":27.70178985595703},"rotation":{"x":-0.022214263677597047,"y":-0.6633704304695129,"z":-0.019692759960889818,"w":0.7477256655693054},"size":0.035704851150512698,"orthographic":false}