{"cameraMode":{"drawMode":0,"name":"Shaded","section":"Shading Mode"},"sceneLighting":false,"audioPlay":false,"sceneViewState":{"showFog":false,"showMaterialUpdate":false,"showSkybox":false,"showFlares":false,"showImageEffects":false,"showParticleSystems":false},"in2DMode":false,"pivot":{"x":0.0017635822296142579,"y":0.8381226658821106,"z":-0.08578261733055115},"rotation":{"x":-0.006938299164175987,"y":0.9786374568939209,"z":-0.2027748078107834,"w":-0.03348097577691078},"size":4.0586652755737309,"orthographic":false}