{"cameraMode":{"drawMode":0,"name":"Shaded","section":"Shading Mode"},"sceneLighting":false,"audioPlay":false,"sceneViewState":{"showFog":false,"showMaterialUpdate":false,"showSkybox":false,"showFlares":false,"showImageEffects":false,"showParticleSystems":false},"in2DMode":false,"pivot":{"x":14.289999961853028,"y":0.6029999256134033,"z":-62.97999954223633},"rotation":{"x":-0.02028629556298256,"y":0.903820276260376,"z":0.043140970170497897,"w":0.4252817630767822},"size":3.6821248531341554,"orthographic":false}