{"cameraMode":{"drawMode":0,"name":"Shaded","section":"Shading Mode"},"sceneLighting":false,"audioPlay":false,"sceneViewState":{"showFog":false,"showMaterialUpdate":false,"showSkybox":false,"showFlares":false,"showImageEffects":false,"showParticleSystems":false},"in2DMode":false,"pivot":{"x":0.0008065104484558106,"y":0.8241279125213623,"z":-0.05223695933818817},"rotation":{"x":0.04412850737571716,"y":-0.9454816579818726,"z":0.14464619755744935,"w":0.28844285011291506},"size":4.130847454071045,"orthographic":false}